TM,evalue,length,model,prob,qrange_start,qrange_stop,score,similarity,sum_probs,template
NA,5.8e-42,426,NA,100.0,3,426,323.7,0.605,275.9,2G3F_A
NA,5.8e-42,426,02-2G3F_A.loop/model.1/model.1.scwrl4.pdb,100.0,3,426,323.7,0.605,275.9,2G3F_A
NA,4.8e-42,426,NA,100.0,3,426,324.2,0.605,274.5,2bb0_A
NA,7e-39,426,NA,100.0,6,424,302.0,0.538,261.0,2PUZ_A
NA,7e-39,426,NA,100.0,6,424,302.0,0.538,261.0,2PUZ_A
NA,7e-39,426,NA,100.0,6,424,302.0,0.538,261.0,2PUZ_A
NA,3.4e-37,426,NA,100.0,6,426,295.3,0.15,255.3,5HMF_B
NA,2.2e-36,426,NA,100.0,5,426,289.8,0.15,253.6,5HMF_A
NA,1.2e-36,426,NA,100.0,3,426,291.8,0.149,253.1,4L9X_B
NA,2.7e-36,426,NA,100.0,6,426,289.1,0.152,252.8,5HMD_B
NA,1.2e-36,426,NA,100.0,5,426,291.6,0.15,252.7,4LH8_A
NA,3.1e-36,426,NA,100.0,6,426,288.7,0.15,252.6,5HME_B
NA,1.3e-37,426,NA,100.0,3,424,292.2,0.483,252.4,2OOF_A
NA,2.6e-36,426,NA,100.0,6,426,289.1,0.143,252.0,3LS9_A
NA,2.6e-36,426,NA,100.0,6,426,289.1,0.143,252.0,3LS9_A
NA,4.1e-36,426,NA,100.0,5,426,288.0,0.153,251.8,5HMD_A
NA,1.4e-36,426,NA,100.0,6,426,291.0,0.138,251.5,3LSC_A
NA,1.4e-36,426,NA,100.0,6,426,291.0,0.138,251.5,3LSC_A
NA,1.3e-36,426,NA,100.0,5,426,291.3,0.156,251.5,5HME_A
NA,1.9e-37,426,NA,100.0,5,425,291.1,0.488,251.5,2Q09_A
NA,1.4e-36,426,NA,100.0,6,426,291.0,0.138,251.5,3LSC_A
NA,2.3e-36,426,NA,100.0,6,426,289.7,0.151,250.7,4LH8_B
NA,4.7e-36,426,NA,100.0,6,426,287.4,0.152,249.4,4L9X_A
NA,4.6e-36,426,NA,100.0,5,426,285.2,0.228,245.2,3HPA_A
NA,1.5e-35,426,NA,100.0,6,424,280.9,0.182,245.2,2I9U_A
NA,4.6e-36,426,NA,100.0,5,426,285.2,0.228,245.2,3HPA_A
NA,1.5e-35,426,NA,100.0,6,424,280.9,0.182,245.2,2I9U_A
NA,4e-35,426,NA,100.0,4,426,279.3,0.208,244.8,4GBD_B
NA,7.1e-36,426,NA,100.0,4,426,287.8,0.178,244.5,4V1X_E
NA,7.1e-36,426,NA,100.0,4,426,287.8,0.178,244.5,4V1X_E
NA,1.3e-35,426,NA,100.0,1,426,283.0,0.168,244.3,4DZH_A
NA,1.2e-35,426,NA,100.0,4,426,283.3,0.205,244.0,4dyk_A
NA,2.5e-35,426,NA,100.0,6,426,281.4,0.158,243.8,3e0l_A
NA,7e-35,426,NA,100.0,4,426,277.7,0.212,243.8,4GBD_A
NA,2e-35,426,NA,100.0,6,426,284.7,0.181,242.3,4v1x_A
NA,2e-35,426,NA,100.0,6,426,284.7,0.181,242.3,4v1x_A
NA,7e-35,426,NA,100.0,6,426,280.8,0.182,241.6,4v1x_B
NA,7e-35,426,NA,100.0,6,426,280.8,0.182,241.6,4v1x_B
NA,1.1e-35,426,NA,100.0,3,426,283.1,0.182,239.1,4C60_H
NA,3.9e-35,426,NA,100.0,3,426,279.5,0.189,238.8,4C60_C
NA,4.5e-35,426,NA,100.0,5,426,277.9,0.146,237.9,2PAJ_A
NA,4.4e-35,426,NA,100.0,5,426,278.8,0.191,237.7,4C65_B
NA,1.4e-35,426,NA,100.0,3,426,282.2,0.182,237.7,4C5Y_B
NA,3.7e-35,426,NA,100.0,4,426,279.4,0.183,237.5,4C65_G
NA,1.9e-35,426,NA,100.0,5,426,281.3,0.188,237.2,4C60_B
NA,9.6e-35,426,NA,100.0,3,426,276.9,0.185,236.0,4C5Z_A
NA,2.3e-35,426,NA,100.0,4,426,281.1,0.162,235.9,4C5Y_A
NA,1.3e-34,426,NA,100.0,4,426,275.9,0.181,235.8,4C65_C
NA,6.1e-35,426,NA,100.0,3,426,278.3,0.182,235.8,4C65_A
NA,6.1e-35,426,NA,100.0,3,426,278.3,0.182,235.8,4C65_A
NA,1.3e-34,426,NA,100.0,4,426,275.9,0.181,235.8,4C65_C
NA,1.6e-34,426,NA,100.0,4,426,275.5,0.185,235.1,4c5z_B
NA,1.6e-34,426,NA,100.0,4,426,275.5,0.185,235.1,4c5z_B
NA,1.6e-34,426,NA,100.0,4,426,275.5,0.185,235.1,4c5z_B
NA,2.7e-35,426,NA,100.0,34,426,281.4,0.175,234.8,2UZ9_A
NA,3.6e-34,426,NA,100.0,5,426,272.5,0.191,233.9,4C65_H
NA,2e-34,426,NA,100.0,5,426,274.6,0.186,233.4,4C65_F
NA,4.1e-34,426,NA,100.0,34,426,273.2,0.169,233.2,4AQL_A
NA,1.4e-33,426,NA,100.0,7,426,266.2,0.17,231.7,1p1m_A
NA,1.4e-33,426,NA,100.0,7,426,266.2,0.17,231.7,1p1m_A
NA,1e-33,426,NA,100.0,3,426,272.4,0.206,230.5,4wgx_A
NA,1.5e-33,426,NA,100.0,2,426,271.2,0.219,230.4,4UB9_A
NA,1.5e-33,426,NA,100.0,2,426,271.2,0.219,230.4,4UB9_A
NA,4.1e-34,426,NA,100.0,6,426,271.6,0.186,230.2,1RA5_A
NA,1.3e-33,426,NA,100.0,6,426,268.1,0.185,230.2,1R9Z_A
NA,1.3e-33,426,NA,100.0,6,426,268.1,0.185,230.2,1R9Z_A
NA,4.1e-34,426,NA,100.0,6,426,271.6,0.186,230.2,1RA5_A
NA,6.4e-34,426,NA,100.0,34,425,272.6,0.115,230.1,2OOD_A
NA,3.6e-33,426,NA,100.0,6,426,265.2,0.179,228.4,3o7u_A
NA,3.6e-33,426,NA,100.0,6,426,265.2,0.179,228.4,3o7u_A
NA,3.6e-33,426,NA,100.0,6,426,265.2,0.179,228.4,3o7u_A
NA,1.9e-33,426,NA,100.0,6,426,267.1,0.183,228.1,1RA0_A
NA,1.9e-33,426,NA,100.0,6,426,267.1,0.183,228.1,1RA0_A
NA,6.5e-34,426,NA,100.0,4,426,269.4,0.239,228.0,3MKV_A
NA,1.5e-33,426,NA,100.0,2,426,266.1,0.166,227.1,4CQB_A
NA,4.2e-33,426,NA,100.0,5,426,262.9,0.214,227.1,3MTW_A
NA,2.5e-34,426,NA,100.0,5,426,270.8,0.222,226.5,3BE7_A
NA,3.4e-33,426,NA,100.0,7,426,264.2,0.177,226.1,3V7P_A
NA,3.7e-34,426,NA,100.0,4,426,269.9,0.152,226.0,4CQB_B
NA,9.8e-34,426,NA,100.0,35,426,271.2,0.165,225.4,3mdu_A
NA,9.8e-34,426,NA,100.0,35,426,271.2,0.165,225.4,3mdu_A
NA,8e-34,426,NA,100.0,6,425,266.9,0.205,225.3,3DUG_A
NA,3.5e-35,426,NA,100.0,6,425,276.2,0.211,225.3,3be7_C
NA,8e-34,426,NA,100.0,6,425,266.9,0.205,225.3,3DUG_A
NA,1.5e-34,426,NA,100.0,6,425,271.9,0.201,225.2,3dug_C
NA,1.7e-33,426,NA,100.0,35,426,269.5,0.155,225.1,3mdw_A
NA,2.6e-33,426,NA,100.0,5,426,265.2,0.245,224.7,3MKV_B
NA,2.6e-33,426,NA,100.0,5,426,265.2,0.245,224.7,3MKV_B
NA,1.9e-33,426,NA,100.0,4,426,265.2,0.175,224.5,2qt3_A
NA,5.8e-35,426,NA,100.0,6,425,274.7,0.218,224.3,3BE7_B
NA,5.8e-35,426,NA,100.0,6,425,274.7,0.218,224.3,3BE7_B
NA,5.4e-33,426,NA,100.0,4,426,262.1,0.154,224.2,4CQC_A
NA,4e-33,426,NA,100.0,4,426,262.9,0.157,223.5,4CQC_B
NA,2.1e-33,426,NA,100.0,36,426,269.1,0.147,223.4,4rdv_B
NA,2.1e-33,426,NA,100.0,36,426,269.1,0.147,223.4,4rdv_B
NA,2.1e-33,426,NA,100.0,36,426,269.1,0.147,223.4,4rdv_B
NA,5.7e-34,426,NA,100.0,5,426,269.1,0.207,223.3,3feq_C
NA,1.9e-34,426,NA,100.0,6,426,269.1,0.233,223.0,3ooq_A
NA,6.7e-34,426,NA,100.0,38,426,270.1,0.19,222.9,3G77_A
NA,2.5e-32,426,NA,100.0,7,423,257.7,0.177,222.8,4M51_A
NA,2.8e-33,426,NA,100.0,6,426,268.9,0.182,222.7,4whb_E
NA,3.1e-32,426,NA,100.0,4,426,256.9,0.159,222.7,5akq_A
NA,2.5e-34,426,NA,100.0,6,426,271.6,0.199,222.4,3N2C_A
NA,2.5e-34,426,NA,100.0,6,426,271.6,0.199,222.4,3N2C_A
NA,2.7e-33,426,NA,100.0,5,426,264.2,0.204,222.1,3FEQ_K
NA,2.4e-34,426,NA,100.0,38,426,272.1,0.144,221.9,4r7w_B
NA,2.6e-33,426,NA,100.0,2,426,264.4,0.164,221.9,4CQD_B
NA,2.4e-34,426,NA,100.0,38,426,272.1,0.144,221.9,4r7w_B
NA,1.3e-33,426,NA,100.0,39,426,268.3,0.213,221.9,1k6w_A
NA,2.4e-34,426,NA,100.0,38,426,272.1,0.144,221.9,4r7w_B
NA,1.3e-33,426,NA,100.0,39,426,268.3,0.213,221.9,1k6w_A
NA,9.6e-33,426,NA,100.0,35,426,264.5,0.087,221.7,4F0L_B
NA,1.6e-33,426,NA,100.0,6,426,266.0,0.211,221.6,3FEQ_A
NA,1.6e-33,426,NA,100.0,6,426,266.0,0.211,221.6,3FEQ_A
NA,2.3e-34,426,NA,100.0,38,426,272.1,0.152,220.9,4R7W_E
NA,2.7e-32,426,NA,100.0,35,426,261.3,0.077,220.9,4F0L_A
NA,4.4e-34,426,NA,100.0,38,426,270.3,0.174,220.8,4r7w_A
NA,4.4e-34,426,NA,100.0,38,426,270.3,0.174,220.8,4r7w_A
NA,4.4e-34,426,NA,100.0,38,426,270.3,0.174,220.8,4r7w_A
NA,5.1e-33,426,NA,100.0,5,426,262.3,0.237,220.5,3FEQ_J
NA,4.3e-33,426,NA,100.0,6,426,263.0,0.211,220.4,3FEQ_N
NA,7.1e-33,426,NA,100.0,6,426,261.6,0.213,220.4,3FEQ_L
NA,1.9e-33,426,NA,100.0,3,426,264.9,0.268,220.3,2P9B_A
NA,6.5e-34,426,NA,100.0,5,426,265.7,0.227,220.3,3OOQ_F
NA,3.4e-33,426,NA,100.0,5,426,263.4,0.219,220.2,3FEQ_O
NA,2.8e-34,426,NA,100.0,38,426,271.8,0.149,219.5,4R88_B
NA,1.6e-32,426,NA,100.0,3,426,259.0,0.151,219.3,4CQD_A
NA,1.4e-33,426,NA,100.0,6,426,263.2,0.228,219.0,3OOQ_B
NA,1.4e-33,426,NA,100.0,6,426,263.2,0.228,219.0,3OOQ_B
NA,7.9e-32,426,NA,100.0,4,426,256.7,0.18,219.0,3LNP_A
NA,7.5e-31,426,NA,100.0,7,426,247.0,0.149,215.7,1J6P_A
NA,1.9e-31,426,NA,100.0,3,426,247.9,0.258,215.2,1XRF_A
NA,2.3e-31,426,NA,100.0,4,426,247.8,0.236,214.8,1XRT_A
NA,2.3e-31,426,93-2IMR_A.loop/model.1/model.1.scwrl4.pdb,100.0,5,392,249.3,0.136,213.5,2IMR_A
NA,5.2e-32,426,NA,100.0,5,426,254.1,0.177,212.9,2VUN_A
NA,5.2e-32,426,NA,100.0,5,426,254.1,0.177,212.9,2VUN_A
NA,8.9e-31,426,NA,100.0,3,426,252.7,0.114,212.6,3GIP_A
NA,8.9e-31,426,NA,100.0,3,426,252.7,0.114,212.6,3GIP_A
NA,7.6e-31,426,NA,100.0,3,426,244.6,0.233,212.6,1XRT_B
NA,8.9e-31,426,NA,100.0,3,426,252.7,0.114,212.6,3GIP_A
NA,2.5e-30,426,NA,100.0,5,425,245.8,0.244,212.5,4F0R_A
NA,5.1e-30,426,NA,100.0,5,425,243.6,0.23,212.3,4F0S_A
NA,3.6e-31,426,NA,100.0,4,426,251.4,0.21,211.4,4BJH_A
NA,8.6e-32,426,NA,100.0,5,426,255.6,0.253,210.0,3D6N_A
NA,2.2e-30,426,NA,100.0,5,424,244.0,0.204,207.9,2QS8_A
NA,2.1e-30,426,NA,100.0,5,423,244.1,0.195,207.6,2QS8_B
NA,8.9e-31,426,NA,100.0,5,426,253.4,0.173,206.2,2FTW_A
NA,1.2e-31,426,NA,100.0,4,426,256.9,0.19,205.7,1gkr_A
NA,1.1e-30,426,NA,100.0,5,426,251.2,0.191,205.0,3sfw_A
NA,6.5e-30,426,NA,100.0,7,426,245.9,0.181,204.6,1YNY_B
NA,1.3e-29,426,NA,100.0,6,425,244.0,0.187,204.5,4KQN_A
NA,5.5e-31,426,NA,100.0,6,426,253.0,0.177,204.0,1GKP_A
NA,5.5e-31,426,NA,100.0,6,426,253.0,0.177,204.0,1GKP_A
NA,5.5e-31,426,NA,100.0,6,426,253.0,0.177,204.0,1GKP_A
NA,3.6e-30,426,NA,100.0,7,426,247.7,0.18,203.3,4KIR_A
NA,1.4e-29,426,NA,100.0,5,426,243.6,0.187,203.1,1K1D_A
NA,1.4e-29,426,NA,100.0,5,426,243.6,0.187,203.1,1K1D_A
NA,8.2e-30,426,NA,100.0,1,426,246.9,0.197,202.3,5X1C_A
NA,1.4e-30,426,NA,100.0,4,426,251.3,0.198,201.7,5MLE_A
NA,3.1e-29,426,NA,100.0,6,426,242.3,0.191,201.0,3DC8_B
NA,3.3e-29,426,NA,100.0,7,426,240.9,0.186,200.7,4KQN_B
NA,4.4e-29,426,NA,100.0,3,426,244.3,0.198,200.6,3nqb_A
NA,4.4e-29,426,NA,100.0,3,426,244.3,0.198,200.6,3nqb_A
NA,4.4e-29,426,NA,100.0,3,426,244.3,0.198,200.6,3nqb_A
NA,4.4e-29,426,NA,100.0,3,426,244.2,0.189,200.5,3nqb_B
NA,4.4e-29,426,NA,100.0,3,426,244.2,0.189,200.5,3nqb_B
NA,2.2e-29,426,NA,100.0,4,426,243.5,0.193,200.1,2vm8_A
NA,2.2e-29,426,NA,100.0,4,426,243.5,0.193,200.1,2vm8_A
NA,2.2e-29,426,NA,100.0,4,426,243.5,0.193,200.1,2vm8_A
NA,2e-29,426,NA,100.0,5,426,243.7,0.206,199.9,5LXX_B
NA,4.7e-29,426,NA,100.0,3,426,243.4,0.187,199.9,3T81_B
NA,2e-29,426,NA,100.0,5,426,243.7,0.206,199.9,5LXX_B
NA,2e-29,426,NA,100.0,5,426,243.7,0.206,199.9,5LXX_B
NA,1.7e-29,426,NA,100.0,5,426,244.8,0.176,199.7,5MKV_A
NA,9.7e-30,426,NA,100.0,5,426,246.3,0.195,199.5,5MKV_B
NA,5.8e-29,426,NA,100.0,5,426,240.5,0.172,199.5,2gse_A
NA,5.9e-30,426,NA,100.0,1,426,247.6,0.179,199.4,4CNS_D
NA,1.9e-29,426,NA,100.0,5,425,244.7,0.173,199.3,5MKV_D
NA,8.5e-30,426,NA,100.0,1,426,246.4,0.181,199.2,4CNS_C
NA,1.6e-29,426,NA,100.0,5,426,240.9,0.188,199.2,4YIW_B
NA,1.6e-29,426,NA,100.0,5,426,240.9,0.188,199.2,4YIW_B
NA,1.5e-29,426,NA,100.0,5,426,245.7,0.179,199.2,5X1D_A
NA,5.8e-29,426,NA,100.0,4,426,241.6,0.188,198.9,5X1A_A
NA,8.4e-29,426,NA,100.0,7,426,238.1,0.179,198.7,4KIR_B
NA,2.1e-29,426,NA,100.0,6,425,242.1,0.201,198.7,1YNY_A
NA,2.5e-29,426,NA,100.0,5,426,244.1,0.166,198.7,5MKV_C
NA,2.1e-29,426,NA,100.0,5,426,243.0,0.186,198.3,5MLE_C
NA,1.2e-30,426,NA,100.0,5,426,253.2,0.201,198.3,4GZ7_A
NA,7.1e-30,426,NA,100.0,6,426,243.0,0.182,198.3,4YIW_A
NA,1.7e-29,426,NA,100.0,2,426,244.3,0.19,198.1,4CNS_A
NA,4.6e-31,426,NA,100.0,5,425,245.1,0.134,198.0,3IV8_D
NA,1.4e-29,426,NA,100.0,2,426,245.7,0.173,197.9,4cnu_A
NA,9.4e-30,426,NA,100.0,5,426,245.9,0.208,197.7,4B92_A
NA,4.1e-29,426,NA,100.0,2,426,242.1,0.18,197.6,4CNT_A
NA,4.1e-29,426,NA,100.0,2,426,242.1,0.18,197.6,4CNT_A
NA,1.3e-29,426,NA,100.0,2,426,245.6,0.187,197.3,4CNT_B
NA,4.4e-29,426,NA,100.0,2,426,242.2,0.225,197.3,5NKS_A
NA,2.1e-29,426,NA,100.0,5,426,243.9,0.185,197.2,5UQC_A
NA,6e-29,426,NA,100.0,6,426,240.8,0.196,197.1,3DC8_A
NA,3.2e-29,426,NA,100.0,5,426,242.9,0.21,197.0,4B90_B
NA,1.4e-29,426,NA,100.0,3,426,245.1,0.174,197.0,4BKN_A
NA,2.7e-29,426,NA,100.0,2,426,242.9,0.167,196.8,4CNS_B
NA,1.4e-29,426,NA,100.0,1,425,236.8,0.162,196.6,1PO9_A
NA,1.4e-29,426,NA,100.0,1,425,236.8,0.162,196.6,1PO9_A
NA,2.9e-29,426,NA,100.0,5,426,243.2,0.198,196.5,4B90_A
NA,4.7e-30,426,NA,100.0,1,426,240.0,0.171,196.2,1pok_B
NA,4.7e-30,426,NA,100.0,1,426,240.0,0.171,196.2,1pok_B
NA,2.2e-29,426,NA,100.0,3,426,243.8,0.172,196.2,4BKN_B
NA,4.7e-29,426,NA,100.0,5,426,241.2,0.197,196.2,4B3Z_A
NA,3.4e-29,426,NA,100.0,5,426,242.0,0.209,196.1,4B91_A
NA,2.8e-28,426,NA,100.0,6,426,236.0,0.182,196.0,5UQC_B
NA,4e-30,426,NA,100.0,1,426,241.8,0.181,196.0,1ONX_A
NA,4e-30,426,NA,100.0,1,426,241.8,0.181,196.0,1ONX_A
NA,8.2e-29,426,NA,100.0,5,426,239.4,0.207,195.8,4b91_B
NA,8.2e-29,426,NA,100.0,5,426,239.4,0.207,195.8,4b91_B
NA,5.7e-29,426,NA,100.0,3,426,242.9,0.196,195.7,2fvk_D
NA,5.7e-29,426,NA,100.0,3,426,242.9,0.196,195.7,2fvk_D
NA,1e-29,426,NA,100.0,1,426,237.8,0.17,195.1,2AQV_B
NA,2.1e-29,426,NA,100.0,5,426,244.1,0.173,194.8,4LCQ_A
NA,2.1e-29,426,NA,100.0,5,426,244.1,0.173,194.8,4LCQ_A
NA,2.1e-29,426,NA,100.0,5,426,244.1,0.173,194.8,4LCQ_A
NA,2.1e-29,426,NA,100.0,5,426,244.1,0.173,194.8,4LCQ_A
NA,1.4e-30,426,NA,100.0,7,426,241.9,0.147,194.8,2P50_B
NA,2.1e-29,426,NA,100.0,5,426,244.1,0.173,194.8,4LCQ_A
NA,1.2e-28,426,NA,100.0,3,426,240.2,0.208,194.7,2FTY_C
NA,1.2e-28,426,NA,100.0,3,426,240.2,0.208,194.7,2FTY_C
NA,1.2e-28,426,NA,100.0,3,426,240.2,0.208,194.7,2FTY_C
NA,1.2e-28,426,NA,99.9,3,425,240.1,0.156,194.6,1E9Y_B
NA,2.5e-28,426,NA,100.0,5,426,236.3,0.187,194.5,4B3Z_D
NA,1.8e-29,426,NA,100.0,1,426,237.3,0.182,194.4,1poj_A
NA,1.4e-29,426,NA,100.0,1,426,236.9,0.184,194.3,2AQO_B
NA,1e-28,426,NA,100.0,3,426,241.4,0.208,194.3,2FTY_D
NA,6.8e-29,426,NA,100.0,1,426,232.4,0.165,194.2,2AQV_A
NA,1.1e-30,426,NA,100.0,7,426,242.3,0.149,194.0,2P50_C
NA,1.4e-30,426,NA,100.0,7,426,241.7,0.144,193.8,2P50_D
NA,2.7e-29,426,NA,100.0,1,426,235.2,0.183,193.8,1pok_A
NA,2.9e-28,426,NA,100.0,3,426,237.4,0.197,193.8,2fty_A
NA,2.7e-29,426,NA,100.0,1,426,235.2,0.183,193.8,1pok_A
NA,2.9e-28,426,NA,100.0,3,426,237.4,0.197,193.8,2fty_A
NA,2.9e-28,426,NA,100.0,3,426,237.4,0.197,193.8,2fty_A
NA,6.5e-29,426,NA,100.0,5,426,240.3,0.241,193.7,2VR2_A
NA,5.2e-28,426,NA,100.0,5,426,233.6,0.186,193.1,4B3Z_B
NA,5.3e-28,426,NA,100.0,5,426,234.0,0.182,193.1,1KCX_A
NA,5.3e-28,426,NA,100.0,5,426,234.0,0.182,193.1,1KCX_A
NA,6.5e-29,426,NA,100.0,1,426,232.8,0.176,192.9,2AQO_A
NA,1.5e-28,426,NA,99.9,3,425,238.8,0.174,192.8,1E9Z_B
NA,3.5e-29,426,NA,100.0,1,426,234.4,0.164,192.7,1ONW_A
NA,1.2e-28,426,NA,99.9,5,426,230.4,0.102,192.6,2OGJ_A
NA,8.3e-29,426,NA,100.0,1,426,233.1,0.161,192.2,1YBQ_A
NA,1.7e-26,426,NA,99.9,4,425,223.9,0.206,192.1,1A5L_C
NA,7.8e-29,426,NA,100.0,2,426,233.2,0.161,192.0,1YBQ_B
NA,4.3e-28,426,NA,99.9,6,426,234.0,0.185,191.8,4B3Z_C
NA,3.9e-27,426,NA,99.9,4,425,228.9,0.231,191.2,1A5N_C
NA,1.5e-26,426,NA,99.9,3,425,232.0,0.21,191.1,4G7E_B
NA,2.6e-28,426,NA,99.9,6,426,227.4,0.127,191.1,2OGJ_B
NA,3e-29,426,NA,100.0,2,426,235.2,0.174,190.9,1ONW_B
NA,2.1e-28,426,NA,99.9,5,426,228.2,0.118,190.8,2OGJ_E
NA,1.4e-26,426,NA,99.9,3,425,232.2,0.219,190.7,4G7E_A
NA,2.2e-29,426,NA,100.0,7,426,236.1,0.132,190.6,1YRR_A
NA,8.7e-30,426,NA,100.0,6,426,239.8,0.189,190.5,2VHL_A
NA,3.6e-30,426,NA,100.0,7,426,241.5,0.149,190.0,2P50_A
NA,1.9e-29,426,NA,100.0,7,426,232.0,0.149,188.7,1YMY_B
NA,2.9e-27,426,NA,99.9,3,425,230.4,0.178,188.6,3qga_C
NA,2.9e-27,426,NA,99.9,3,425,230.4,0.178,188.6,3qga_C
NA,1.4e-29,426,NA,100.0,5,426,238.6,0.179,188.5,2VHL_B
NA,2.7e-29,426,NA,100.0,7,426,231.3,0.141,188.0,1YRR_B
NA,1.6e-28,426,NA,99.9,7,426,233.7,0.176,187.7,2Z00_A
NA,2.2e-26,426,NA,99.9,4,424,223.7,0.225,187.3,1FWI_C
NA,1.7e-26,426,NA,99.9,4,424,224.8,0.215,187.1,1FWE_C
NA,1.1e-28,426,NA,99.9,5,425,231.2,0.139,186.6,3iv8_A
NA,6.3e-26,426,NA,99.9,4,425,220.2,0.237,186.4,1EJR_C
NA,1.9e-28,426,NA,100.0,5,423,229.8,0.149,185.2,3EGJ_A
NA,3.2e-26,426,NA,99.9,4,425,221.8,0.23,183.9,1eju_C
NA,3.2e-26,426,NA,99.9,4,425,221.8,0.23,183.9,1eju_C
NA,1.7e-27,426,NA,99.9,3,425,233.0,0.179,183.6,4Z42_C
NA,1.7e-27,426,NA,99.9,3,425,233.0,0.179,183.6,4Z42_C
NA,1.2e-26,426,NA,99.9,4,425,226.1,0.189,183.4,1KRB_C
NA,3.3e-26,426,NA,99.9,3,424,222.8,0.214,183.0,1FWF_C
NA,2.1e-26,426,NA,99.9,3,424,224.4,0.174,182.5,1A5K_C
NA,1.7e-26,426,NA,99.9,3,424,225.7,0.178,182.2,1EJT_C
NA,4.6e-26,426,NA,99.9,4,424,222.1,0.174,182.1,1A5M_C
NA,7.6e-27,426,NA,99.9,3,425,227.4,0.193,182.0,1EJS_C
NA,3.6e-26,426,NA,99.9,4,424,222.8,0.193,181.9,1KRC_C
NA,4.4e-26,426,NA,99.9,3,400,229.4,0.203,181.8,3LA4_A
NA,4.4e-26,426,NA,99.9,3,400,229.4,0.203,181.8,3LA4_A
NA,1.9e-26,426,NA,99.9,3,400,231.9,0.211,181.8,4H9M_A
NA,1.6e-27,426,NA,99.9,5,424,222.1,0.168,181.8,3EGJ_B
NA,3.3e-26,426,NA,99.9,3,400,230.2,0.207,181.7,4GY7_A
NA,2e-26,426,NA,99.9,4,424,225.3,0.169,181.2,1KRA_C
NA,2e-26,426,NA,99.9,3,425,224.2,0.198,180.9,1fwa_C
NA,2e-26,426,NA,99.9,3,425,224.2,0.198,180.9,1fwa_C
NA,2e-26,426,NA,99.9,3,425,224.2,0.198,180.9,1fwa_C
NA,2e-26,426,NA,99.9,3,425,224.2,0.198,180.9,1fwa_C
NA,7.6e-26,426,NA,99.9,3,424,220.8,0.173,178.9,1A5O_C
NA,1.8e-25,426,NA,99.9,3,424,217.7,0.181,178.7,1FWG_C
NA,6.8e-25,426,NA,99.9,4,424,213.8,0.208,178.6,1EJX_C
NA,7.8e-26,426,NA,99.9,4,424,220.5,0.198,178.0,1FWH_C
NA,1.6e-25,426,NA,99.9,3,424,218.0,0.174,177.8,4EP8_C
NA,1.6e-25,426,NA,99.9,3,424,218.0,0.174,177.8,4EP8_C
NA,1.6e-25,426,NA,99.9,3,424,218.0,0.174,177.8,4EP8_C
NA,1.6e-25,426,NA,99.9,3,424,218.0,0.174,177.8,4EP8_C
NA,1.6e-25,426,NA,99.9,3,424,218.0,0.174,177.8,4EP8_C
NA,1.6e-25,426,NA,99.9,3,424,218.0,0.174,177.8,4EP8_C
NA,1.6e-25,426,NA,99.9,3,424,218.0,0.174,177.8,4EP8_C
NA,1.6e-25,426,NA,99.9,3,424,218.0,0.174,177.8,4EP8_C
NA,3.8e-27,426,NA,99.9,3,399,231.2,0.174,175.0,4AC7_C
NA,3.8e-27,426,NA,99.9,3,399,231.2,0.174,175.0,4AC7_C
NA,3.8e-27,426,NA,99.9,3,399,231.2,0.174,175.0,4AC7_C
NA,3.8e-27,426,NA,99.9,3,399,231.2,0.174,175.0,4AC7_C
NA,3.8e-27,426,NA,99.9,3,399,231.2,0.174,175.0,4AC7_C
NA,3.8e-27,426,NA,99.9,3,399,231.2,0.174,175.0,4AC7_C
NA,3.8e-27,426,NA,99.9,3,399,231.2,0.174,175.0,4AC7_C
NA,3.8e-27,426,NA,99.9,3,399,231.2,0.174,175.0,4AC7_C
NA,1.6e-27,426,NA,99.9,2,399,233.5,0.178,174.2,1IE7_C
NA,6.4e-27,426,NA,99.9,3,399,229.4,0.184,173.1,5G4H_C
NA,6.4e-27,426,NA,99.9,3,399,229.4,0.184,173.1,5G4H_C
NA,6.4e-27,426,NA,99.9,3,399,229.4,0.184,173.1,5G4H_C
NA,6.4e-27,426,NA,99.9,3,399,229.4,0.184,173.1,5G4H_C
NA,2.1e-14,426,NA,99.6,128,378,135.0,0.077,152.7,4GXW_B
NA,1.1e-13,426,NA,99.5,128,378,130.3,0.066,151.9,4GXW_A
NA,2.7e-15,426,NA,99.6,129,378,139.3,0.139,150.1,3RYS_A
NA,2.9e-14,426,NA,99.5,129,378,132.2,0.131,148.8,3RYS_B
NA,1.5e-13,426,NA,99.5,129,373,126.6,0.074,144.0,3PAO_A
NA,1.5e-13,426,NA,99.5,129,373,126.6,0.074,144.0,3PAO_A
NA,1.5e-13,426,NA,99.5,129,373,126.6,0.074,144.0,3PAO_A
NA,1.5e-13,426,NA,99.5,129,373,126.6,0.074,144.0,3PAO_A
NA,4.9e-30,426,NA,100.0,239,426,246.4,0.186,136.8,1NFG_A
NA,4.9e-30,426,NA,100.0,239,426,246.4,0.186,136.8,1NFG_A
NA,3.8e-29,426,NA,99.9,239,426,241.6,0.229,132.1,1V4Y_A
NA,5.5e-30,426,NA,100.0,239,426,247.4,0.234,131.4,1m7j_A
NA,5.5e-30,426,NA,100.0,239,426,247.4,0.234,131.4,1m7j_A
NA,5.5e-30,426,NA,100.0,239,426,247.4,0.234,131.4,1m7j_A
NA,5.5e-30,426,NA,100.0,239,426,247.4,0.234,131.4,1m7j_A
NA,9.9e-29,426,NA,99.9,239,426,238.8,0.212,128.7,1rjq_A
NA,9.9e-29,426,NA,99.9,239,426,238.8,0.212,128.7,1rjq_A
NA,9.9e-29,426,NA,99.9,239,426,238.8,0.212,128.7,1rjq_A
NA,1.8e-29,426,NA,100.0,239,426,240.8,0.189,125.4,3HM7_C
NA,2.7e-29,426,NA,100.0,239,426,239.7,0.189,123.3,3HM7_B
NA,3.7e-28,426,NA,100.0,239,401,235.1,0.17,122.5,3IGH_X
NA,3.5e-29,426,NA,99.9,239,426,238.9,0.187,121.0,3hm7_A
NA,2.8e-28,426,NA,100.0,238,399,234.8,0.156,116.7,3ICJ_A
NA,3.5e-11,426,NA,99.3,239,378,113.6,0.132,111.7,3EWC_A
NA,9.4e-11,426,NA,99.3,239,378,111.0,0.132,111.5,3EWD_A
NA,1.3e-10,426,NA,99.2,239,378,110.1,0.162,111.3,2AMX_A
NA,6.1e-12,426,NA,99.3,241,378,118.2,0.055,111.2,1UIP_A
NA,4e-12,426,NA,99.4,241,378,119.8,0.094,111.1,3IAR_A
NA,8.3e-10,426,NA,99.1,240,378,104.2,0.147,111.0,2AMX_B
NA,4.9e-12,426,NA,99.4,241,378,118.8,0.061,111.0,1a4l_A
NA,4.9e-12,426,NA,99.4,241,378,118.8,0.061,111.0,1a4l_A
NA,4.9e-12,426,NA,99.4,241,378,118.8,0.061,111.0,1a4l_A
NA,4.9e-12,426,NA,99.4,241,378,118.8,0.061,111.0,1a4l_A
NA,4.9e-12,426,NA,99.4,241,378,118.8,0.061,111.0,1a4l_A
NA,4.9e-12,426,NA,99.4,241,378,118.8,0.061,111.0,1a4l_A
NA,7.6e-10,426,NA,99.2,239,383,104.3,0.143,110.8,2PGF_A
NA,7.6e-10,426,NA,99.2,239,383,104.3,0.143,110.8,2PGF_A
NA,3e-12,426,NA,99.4,241,378,120.2,0.041,110.7,1UIO_A
NA,1.3e-11,426,NA,99.3,241,378,116.0,0.068,109.8,1FKX_A
NA,2.5e-25,426,NA,99.9,241,426,207.2,0.142,109.5,2OGJ_D
NA,6.8e-11,426,NA,99.3,241,378,111.3,0.078,109.5,3T1G_A
NA,1.4e-11,426,NA,99.3,241,378,116.0,0.063,109.4,3KM8_A
NA,1.4e-11,426,NA,99.3,241,378,116.0,0.063,109.4,3KM8_A
NA,2.6e-11,426,NA,99.3,241,378,114.1,0.058,109.2,1FKW_A
NA,1.6e-11,426,NA,99.3,239,380,115.5,0.138,109.0,2QVN_A
NA,9.4e-12,426,NA,99.3,241,378,116.9,0.096,108.9,1VFL_A
NA,9.4e-12,426,NA,99.3,241,378,116.9,0.096,108.9,1VFL_A
NA,9.9e-12,426,NA,99.3,241,378,116.8,0.089,108.9,1QXL_A
NA,9.4e-12,426,NA,99.3,241,378,116.9,0.096,108.9,1VFL_A
NA,9.4e-12,426,NA,99.3,241,378,116.9,0.096,108.9,1VFL_A
NA,9.4e-12,426,NA,99.3,241,378,116.9,0.096,108.9,1VFL_A
NA,9.4e-12,426,NA,99.3,241,378,116.9,0.096,108.9,1VFL_A
NA,9.4e-12,426,NA,99.3,241,378,116.9,0.096,108.9,1VFL_A
NA,9.4e-12,426,NA,99.3,241,378,116.9,0.096,108.9,1VFL_A
NA,9.4e-12,426,NA,99.3,241,378,116.9,0.096,108.9,1VFL_A
NA,9.4e-12,426,NA,99.3,241,378,116.9,0.096,108.9,1VFL_A
NA,9.4e-12,426,NA,99.3,241,378,116.9,0.096,108.9,1VFL_A
NA,9.4e-12,426,NA,99.3,241,378,116.9,0.096,108.9,1VFL_A
NA,9.4e-12,426,NA,99.3,241,378,116.9,0.096,108.9,1VFL_A
NA,9.9e-12,426,NA,99.3,241,378,116.8,0.089,108.9,1QXL_A
NA,1.2e-11,426,NA,99.3,241,378,116.4,0.089,108.5,1W1I_E
NA,1.2e-11,426,NA,99.3,241,378,116.4,0.089,108.5,1W1I_E
NA,1.2e-11,426,NA,99.3,241,378,116.4,0.089,108.5,1W1I_E
NA,9.7e-24,426,NA,99.9,239,426,200.9,0.189,108.1,3E74_C
NA,3e-30,426,NA,100.0,279,426,241.5,0.154,106.5,1YMY_A
NA,4.8e-18,426,NA,99.7,239,426,159.4,0.139,106.3,4C6P_A
NA,4.8e-18,426,NA,99.7,239,426,159.4,0.139,106.3,4C6P_A
NA,2.1e-17,426,NA,99.7,239,426,155.3,0.14,105.7,4C6D_A
NA,2.1e-17,426,NA,99.7,239,426,155.3,0.14,105.7,4C6D_A
NA,2.1e-17,426,NA,99.7,239,426,155.3,0.14,105.7,4C6D_A
NA,2.4e-17,426,NA,99.7,239,426,154.9,0.119,105.2,4C6Q_A
NA,5.7e-17,426,NA,99.7,239,426,152.4,0.14,103.8,4c6i_A
NA,5.7e-17,426,NA,99.7,239,426,152.4,0.14,103.8,4c6i_A
NA,5.7e-17,426,NA,99.7,239,426,152.4,0.14,103.8,4c6i_A
NA,5.7e-17,426,NA,99.7,239,426,152.4,0.14,103.8,4c6i_A
NA,5.7e-17,426,NA,99.7,239,426,152.4,0.14,103.8,4c6i_A
NA,2.9e-12,426,NA,99.4,239,373,118.3,0.132,103.3,3ou8_B
NA,1.1e-17,426,NA,99.7,239,426,157.1,0.14,103.3,4c6e_A
NA,2.9e-12,426,NA,99.4,239,373,118.3,0.132,103.3,3ou8_B
NA,2.9e-12,426,NA,99.4,239,373,118.3,0.132,103.3,3ou8_B
NA,2.9e-12,426,NA,99.4,239,373,118.3,0.132,103.3,3ou8_B
NA,1.1e-17,426,NA,99.7,239,426,157.1,0.14,103.3,4c6e_A
NA,1.2e-29,426,NA,100.0,279,426,238.0,0.169,102.8,2P53_A
NA,1.2e-29,426,NA,100.0,279,426,238.0,0.169,102.8,2P53_A
NA,6e-17,426,NA,99.7,239,426,152.3,0.125,102.4,4C6N_A
NA,1.3e-21,426,NA,99.9,239,426,182.3,0.077,102.2,2OGJ_F
NA,4e-08,426,NA,98.9,239,378,97.3,0.073,101.5,3lgd_A
NA,4e-08,426,NA,98.9,239,378,97.3,0.073,101.5,3lgd_A
NA,1.5e-13,426,NA,99.5,238,424,128.5,0.099,100.9,5VGM_B
NA,1.7e-12,426,NA,99.4,239,424,120.8,0.14,100.3,5VGM_A
NA,6.1e-15,426,NA,99.5,239,424,137.5,0.065,100.2,3PNU_A
NA,4.1e-23,426,NA,99.9,240,426,196.8,0.189,98.7,3E74_A
NA,4.1e-23,426,NA,99.9,240,426,196.8,0.189,98.7,3E74_A
NA,7.2e-06,426,NA,97.9,250,378,83.8,0.13,98.4,2A3L_A
NA,2.3e-19,426,NA,99.8,239,426,164.4,0.059,96.9,2OGJ_C
NA,2.8e-07,426,NA,98.6,239,381,87.2,0.008,96.8,3K2G_A
NA,5.6e-27,426,NA,99.9,280,426,224.7,0.188,96.2,2GWN_A
NA,1.3e-07,426,NA,98.7,239,378,89.5,-0.009,95.3,3k2g_B
NA,4.1e-07,426,NA,98.6,239,378,86.1,-0.01,95.3,3K2G_D
NA,3.3e-12,426,NA,99.3,230,396,119.3,0.247,94.7,2Z24_B
NA,3.3e-12,426,NA,99.3,230,396,119.3,0.247,94.7,2Z24_B
NA,3.2e-26,426,NA,99.9,290,426,226.4,0.081,94.5,5T5I_A
NA,3.2e-26,426,NA,99.9,290,426,226.4,0.081,94.5,5T5I_A
NA,3.2e-26,426,NA,99.9,290,426,226.4,0.081,94.5,5T5I_A
NA,3.2e-26,426,NA,99.9,290,426,226.4,0.081,94.5,5T5I_A
NA,7.1e-07,426,NA,98.5,239,378,85.1,0.029,93.8,3RHG_A
NA,7.3e-07,426,NA,98.4,239,378,84.9,0.029,92.8,4QSF_A
NA,1.2e-08,426,NA,98.9,239,378,96.4,0.132,92.7,3MSR_A
NA,9.1e-13,426,NA,99.4,239,396,123.4,0.249,92.6,2Z26_A
NA,9.3e-11,426,NA,99.2,239,376,109.0,0.027,92.4,4RDZ_B
NA,1.7e-12,426,NA,99.4,239,396,121.3,0.27,92.4,2Z29_A
NA,1.4e-12,426,NA,99.4,239,396,121.9,0.25,92.3,2Z27_A
NA,2.8e-12,426,NA,99.3,239,396,119.9,0.256,92.3,1J79_A
NA,1.4e-12,426,NA,99.4,239,396,121.9,0.25,92.3,2Z27_A
NA,4.6e-14,426,NA,99.4,242,426,132.1,0.036,92.1,5NNL_B
NA,4.6e-11,426,NA,99.2,239,375,110.0,0.058,92.0,5W3W_C
NA,3.7e-08,426,NA,98.9,239,378,92.6,0.066,91.9,4PCP_G
NA,5.6e-09,426,NA,99.0,239,378,98.0,0.061,91.9,3e3h_A
NA,3.6e-13,426,NA,99.4,239,395,126.0,0.191,91.8,5V0G_A
NA,1.1e-08,426,NA,99.0,239,378,96.3,0.066,91.8,1QW7_A
NA,1.2e-09,426,NA,99.1,239,377,102.2,0.09,91.8,4PCN_B
NA,1.1e-08,426,NA,99.0,239,378,96.3,0.066,91.8,1QW7_A
NA,1.3e-12,426,NA,99.4,239,396,122.1,0.238,91.7,3MJM_B
NA,2.6e-12,426,NA,99.3,239,396,120.4,0.249,91.7,2Z25_A
NA,7.2e-09,426,NA,99.0,239,378,97.2,0.094,91.7,4PBE_A
NA,3.9e-09,426,NA,99.0,239,378,99.0,0.079,91.7,4PBF_B
NA,7.2e-09,426,NA,99.0,239,378,97.2,0.094,91.7,4PBE_A
NA,2.6e-12,426,NA,99.3,239,396,120.4,0.249,91.7,2Z25_A
NA,1.7e-12,426,NA,99.4,239,396,121.3,0.254,91.6,2Z2A_A
NA,3.9e-08,426,NA,98.9,239,378,92.4,0.066,91.6,4XAF_A
NA,2.1e-12,426,NA,99.3,238,396,120.8,0.25,91.5,1J79_B
NA,1.8e-09,426,NA,99.0,239,378,101.1,0.05,91.5,1i0b_B
NA,4.9e-10,426,NA,99.1,239,375,104.0,0.034,91.5,4RDY_A
NA,1.8e-09,426,NA,99.0,239,378,101.1,0.05,91.5,1i0b_B
NA,1.4e-07,426,NA,98.7,239,378,88.9,0.101,91.4,4XD5_A
NA,8.3e-14,426,NA,99.5,230,395,129.8,0.227,91.4,5V0G_E
NA,3.1e-12,426,NA,99.3,239,396,119.7,0.254,91.4,2Z28_A
NA,4.8e-14,426,NA,99.5,238,398,131.4,0.099,91.3,3PNU_B
NA,1.9e-09,426,NA,99.0,239,378,100.9,0.068,91.2,4GY1_A
NA,5.2e-12,426,NA,99.3,239,396,118.2,0.254,91.2,2Z24_A
NA,5.9e-09,426,NA,99.0,239,378,97.8,0.073,91.1,1PSC_B
NA,4.1e-09,426,NA,99.0,239,378,98.8,0.073,91.1,2OB3_A
NA,4.1e-09,426,NA,99.0,239,378,98.8,0.073,91.1,2OB3_A
NA,7.1e-09,426,NA,99.0,239,377,97.2,0.082,91.0,4E3T_A
NA,6.6e-09,426,NA,99.0,239,378,97.6,0.067,91.0,1HZY_A
NA,3.2e-08,426,NA,98.9,239,378,93.0,0.066,91.0,1P6B_B
NA,6.6e-09,426,NA,99.0,239,378,97.6,0.067,91.0,1HZY_A
NA,6.6e-09,426,NA,99.0,239,378,97.6,0.067,91.0,1HZY_A
NA,7.1e-09,426,NA,99.0,239,377,97.2,0.082,91.0,4E3T_A
NA,3.2e-08,426,NA,98.8,239,378,93.0,0.07,91.0,2OQL_A
NA,3.2e-08,426,NA,98.9,239,378,93.0,0.066,91.0,1P6B_B
NA,6.6e-09,426,NA,99.0,239,378,97.6,0.067,91.0,1HZY_A
NA,4.8e-10,426,NA,99.1,239,375,104.3,0.029,91.0,4RDZ_A
NA,1.2e-08,426,NA,98.9,239,377,95.6,0.077,91.0,4PBF_A
NA,1.1e-08,426,NA,98.9,239,378,96.0,0.064,90.9,1JGM_A
NA,1.1e-08,426,NA,98.9,239,378,96.1,0.064,90.9,1JGM_B
NA,7.2e-09,426,NA,98.9,239,378,97.0,0.009,90.9,4IF2_A
NA,1.6e-12,426,NA,99.4,239,396,121.5,0.238,90.9,3MJM_A
NA,5.2e-09,426,NA,99.0,239,377,97.7,0.055,90.8,1PTA_A
NA,9.3e-09,426,NA,98.9,239,378,96.4,0.059,90.8,2O4M_B
NA,9.3e-09,426,NA,98.9,239,378,96.4,0.059,90.8,2O4M_B
NA,4.2e-09,426,NA,99.0,239,378,98.8,0.048,90.8,2O4Q_A
NA,9.9e-08,426,NA,98.7,239,377,89.6,0.086,90.8,4XAZ_G
NA,4.2e-09,426,NA,99.0,239,378,98.8,0.048,90.8,2O4Q_A
NA,2.2e-14,426,NA,99.5,242,426,133.9,0.056,90.8,5NNL_A
NA,4.2e-09,426,NA,99.0,239,378,98.8,0.048,90.8,2O4Q_A
NA,1.7e-12,426,NA,99.4,239,395,121.4,0.197,90.7,5V0G_F
NA,7.2e-08,426,NA,98.6,239,377,90.6,0.027,90.7,3pnz_A
NA,2.6e-08,426,NA,98.9,239,378,93.6,0.067,90.7,1P6C_B
NA,1.4e-08,426,NA,98.9,239,378,95.4,0.064,90.7,2OQL_B
NA,8.7e-09,426,NA,98.9,239,378,96.6,0.052,90.7,2O4M_A
NA,3.9e-08,426,NA,98.8,239,377,92.4,0.072,90.6,4XD5_G
NA,2.2e-08,426,NA,98.9,239,377,94.0,0.084,90.6,4XD6_A
NA,8.7e-09,426,NA,99.0,239,377,96.7,0.06,90.6,1PSC_A
NA,9.3e-08,426,NA,98.8,239,377,90.0,0.118,90.5,4XAF_G
NA,2e-12,426,NA,99.4,239,396,120.8,0.254,90.5,2EG6_A
NA,1.2e-08,426,NA,98.9,239,377,95.7,0.084,90.5,1DPM_A
NA,2e-12,426,NA,99.4,239,396,120.8,0.254,90.5,2EG6_A
NA,6.4e-08,426,NA,98.8,239,377,91.0,0.038,90.5,4zst_A
NA,1.8e-08,426,NA,98.9,239,378,94.5,0.064,90.5,1P6B_A
NA,2e-12,426,NA,99.4,239,396,120.8,0.254,90.5,2EG6_A
NA,6.1e-09,426,NA,98.9,239,377,97.5,0.096,90.5,4GY1_B
NA,2e-12,426,NA,99.4,239,396,120.8,0.254,90.5,2EG6_A
NA,2.4e-08,426,NA,98.9,239,378,93.8,0.048,90.5,1eyw_A
NA,1.3e-09,426,NA,99.0,239,375,101.4,0.021,90.5,4RDY_B
NA,6.4e-08,426,NA,98.8,239,377,91.0,0.038,90.5,4zst_A
NA,2.7e-12,426,NA,99.3,239,390,120.2,0.256,90.5,3jze_B
NA,2.4e-08,426,NA,98.9,239,378,93.8,0.048,90.5,1eyw_A
NA,1.3e-09,426,NA,99.0,239,375,101.4,0.021,90.5,4RDY_B
NA,1.2e-08,426,NA,98.9,239,377,95.7,0.084,90.5,1DPM_A
NA,1.1e-10,426,NA,99.2,239,375,109.2,0.043,90.5,3GU1_A
NA,3.1e-08,426,NA,98.9,239,376,93.0,0.049,90.4,3wml_A
NA,3.1e-08,426,NA,98.9,239,376,93.0,0.049,90.4,3wml_A
NA,2.6e-09,426,NA,99.0,239,376,100.0,0.031,90.4,3a3w_A
NA,2.8e-07,426,NA,98.7,239,377,86.8,0.127,90.4,4XD3_A
NA,2.6e-09,426,NA,99.0,239,376,100.0,0.031,90.4,3a3w_A
NA,1.4e-08,426,NA,98.9,239,376,95.3,0.039,90.3,3UPM_A
NA,2.4e-08,426,NA,98.9,239,377,93.8,0.053,90.2,1ez2_A
NA,3.4e-08,426,NA,98.8,239,377,92.7,0.086,90.2,4XD6_G
NA,1.1e-07,426,NA,98.8,239,377,89.4,0.077,90.2,4XAZ_A
NA,1.3e-08,426,NA,98.9,239,376,95.5,0.042,90.1,3A4J_A
NA,6.9e-09,426,NA,99.0,239,377,97.3,0.053,90.1,2O4Q_B
NA,2.2e-08,426,NA,98.9,239,377,93.8,0.046,90.1,3UR2_B
NA,1.8e-11,426,NA,99.2,239,396,114.7,0.235,90.1,2eg6_B
NA,1.8e-11,426,NA,99.2,239,396,114.7,0.235,90.1,2eg6_B
NA,6.9e-09,426,NA,99.0,239,377,97.3,0.053,90.1,2O4Q_B
NA,7e-08,426,NA,98.6,239,377,90.7,0.024,90.1,3pnz_C
NA,6.9e-09,426,NA,99.0,239,377,97.3,0.053,90.1,2O4Q_B
NA,1.3e-07,426,NA,98.7,239,376,89.0,0.105,90.0,4E3T_B
NA,5.5e-09,426,NA,99.0,239,377,97.9,0.072,90.0,4XAY_A
NA,1.3e-07,426,NA,98.7,239,376,89.0,0.105,90.0,4E3T_B
NA,1.5e-08,426,NA,98.9,239,376,95.1,0.037,89.9,3ood_A
NA,1.5e-08,426,NA,98.9,239,376,95.1,0.037,89.9,3ood_A
NA,2e-08,426,NA,98.9,239,377,94.2,0.062,89.9,4PCP_A
NA,2.7e-08,426,NA,98.8,239,376,93.3,0.057,89.9,5VEJ_A
NA,2.5e-08,426,NA,98.9,239,378,94.1,0.146,89.8,3OVG_A
NA,2.5e-08,426,NA,98.9,239,378,94.1,0.146,89.8,3OVG_A
NA,1.6e-08,426,NA,98.9,239,376,94.6,0.041,89.8,3URB_B
NA,3.8e-08,426,NA,98.8,239,376,92.4,0.053,89.8,2R1K_A
NA,3.8e-08,426,NA,98.8,239,376,92.4,0.053,89.8,2R1K_A
NA,3.7e-07,426,NA,98.6,239,378,83.2,-0.005,89.7,4P5U_A
NA,7.6e-09,426,NA,99.0,239,376,96.9,0.05,89.7,3ura_A
NA,2.6e-08,426,NA,98.9,239,376,93.4,0.068,89.7,4PCN_A
NA,7.6e-09,426,NA,99.0,239,376,96.9,0.05,89.7,3ura_A
NA,6.1e-10,426,NA,99.1,239,375,104.2,0.043,89.7,3GTF_A
NA,4e-09,426,NA,99.0,239,376,98.5,0.041,89.7,3UR5_B
NA,3.6e-08,426,NA,98.8,239,376,92.5,0.058,89.7,3UR5_A
NA,4.1e-08,426,NA,98.8,239,376,92.2,0.053,89.6,3C86_A
NA,3.6e-08,426,NA,98.8,239,377,92.6,0.054,89.5,4XAG_A
NA,1.5e-09,426,NA,99.0,239,376,101.3,-0.03,89.5,3TN3_A
NA,3.6e-08,426,NA,98.8,239,377,92.6,0.054,89.5,4XAG_A
NA,3.5e-08,426,NA,98.9,239,376,92.6,0.05,89.4,3URQ_A
NA,3.9e-08,426,NA,98.9,239,377,92.3,0.117,89.4,4XD4_A
NA,5.9e-09,426,NA,99.0,239,377,97.7,0.083,89.4,4XAY_G
NA,2.7e-09,426,NA,99.0,239,375,100.0,0.037,89.4,3GTX_A
NA,3.9e-08,426,NA,98.9,239,377,92.3,0.117,89.4,4XD4_A
NA,3.1e-08,426,NA,98.8,239,376,92.8,0.041,89.3,3URQ_B
NA,5.2e-10,426,NA,99.1,239,375,104.6,0.027,89.3,3GU9_A
NA,4.6e-10,426,NA,99.1,239,375,104.9,0.043,89.3,3GU2_A
NA,2.2e-08,426,NA,98.9,239,376,94.0,0.043,89.3,2d2g_A
NA,2.2e-08,426,NA,98.9,239,376,94.0,0.043,89.3,2d2g_A
NA,6e-13,426,NA,99.4,239,382,124.1,0.192,89.3,5V0G_B
NA,2.2e-08,426,NA,98.9,239,376,94.0,0.043,89.3,2d2g_A
NA,6e-08,426,NA,98.8,239,376,91.1,0.044,89.3,2R1P_A
NA,1.6e-08,426,NA,98.9,239,376,94.6,0.067,89.3,3URB_A
NA,6e-13,426,NA,99.4,239,382,124.1,0.192,89.3,5V0G_B
NA,2e-11,426,NA,99.2,239,396,113.9,0.25,89.3,2Z2B_A
NA,2.2e-08,426,NA,98.9,239,376,94.0,0.043,89.3,2d2g_A
NA,1.6e-11,426,NA,99.3,240,396,114.6,0.249,89.2,2Z2A_B
NA,4.2e-11,426,NA,99.2,239,396,112.2,0.249,89.2,2Z26_B
NA,1.8e-08,426,NA,98.9,239,376,94.5,0.062,89.2,3UR2_A
NA,1.8e-07,426,NA,98.7,239,376,87.7,0.034,89.2,3UPM_B
NA,4.2e-11,426,NA,99.2,239,396,112.2,0.249,89.2,2Z26_B
NA,6.4e-10,426,NA,99.1,239,375,104.1,0.043,89.1,3GTH_A
NA,8.3e-12,426,NA,99.3,239,398,117.2,0.242,89.1,3jze_A
NA,2.7e-08,426,NA,98.8,239,376,93.1,0.055,89.1,3URA_B
NA,3.2e-08,426,NA,98.8,239,376,92.8,0.043,89.1,2R1N_A
NA,3.2e-08,426,NA,98.8,239,376,92.8,0.043,89.1,2R1N_A
NA,1.9e-09,426,NA,99.0,239,375,100.8,-0.03,89.0,3f4c_A
NA,9.6e-10,426,NA,99.1,239,375,102.6,0.034,89.0,4J2M_A
NA,1.9e-09,426,NA,99.0,239,375,100.8,-0.03,89.0,3f4c_A
NA,5e-29,426,NA,100.0,301,426,241.0,0.19,88.9,4tqt_A
NA,2.5e-09,426,NA,99.0,239,375,100.3,0.043,88.8,3GTI_A
NA,6.9e-08,426,NA,98.8,239,377,90.7,0.103,88.8,4XD3_G
NA,5.3e-10,426,NA,99.1,239,375,104.1,-0.038,88.8,4H9T_A
NA,5.3e-10,426,NA,99.1,239,375,104.1,-0.038,88.8,4H9T_A
NA,1.5e-09,426,NA,99.0,239,375,101.3,-0.033,88.8,3tn5_A
NA,5.7e-09,426,NA,99.0,239,375,97.8,-0.029,88.7,5ch9_A
NA,2.1e-09,426,NA,99.0,239,375,100.3,-0.024,88.6,3TN6_A
NA,1.7e-06,426,NA,98.6,239,378,79.8,0.001,88.4,3RCM_A
NA,1.5e-09,426,NA,99.0,239,375,101.2,-0.024,88.4,3TN6_B
NA,6.8e-10,426,NA,99.1,239,375,103.5,0.028,88.4,4J5N_A
NA,2.9e-09,426,NA,99.0,239,375,99.6,-0.011,88.3,3TN4_A
NA,2.3e-09,426,NA,99.0,239,375,100.1,-0.032,88.3,4HA0_A
NA,2.9e-09,426,NA,99.0,239,375,99.6,-0.011,88.3,3TN4_A
NA,2.3e-09,426,NA,99.0,239,375,100.1,-0.032,88.3,4HA0_A
NA,4.9e-09,426,NA,99.0,239,375,98.3,0.037,88.3,2ZC1_A
NA,4.3e-09,426,NA,98.9,239,375,98.2,-0.025,88.1,4H9V_A
NA,2.7e-09,426,NA,99.0,239,375,99.8,-0.017,88.1,3TNB_A
NA,4.5e-09,426,NA,98.9,239,375,98.0,-0.035,88.1,4H9X_A
NA,4.5e-09,426,NA,98.9,239,375,98.0,-0.035,88.1,4H9X_A
NA,4.3e-09,426,NA,98.9,239,375,98.2,-0.025,88.1,4H9V_A
NA,2.7e-09,426,NA,99.0,239,375,99.8,-0.017,88.1,3TNB_A
NA,1.5e-09,426,NA,99.0,239,375,101.1,-0.025,88.0,4H9Y_A
NA,1.5e-09,426,NA,99.0,239,375,101.1,-0.025,88.0,4H9Y_A
NA,1.1e-09,426,NA,99.0,239,375,102.2,-0.03,88.0,4H9Z_A
NA,1.1e-09,426,NA,99.0,239,375,102.2,-0.03,88.0,4H9Z_A
NA,1.2e-08,426,NA,98.9,239,375,95.6,0.043,87.9,3HTW_A
NA,1.2e-08,426,NA,98.9,239,375,95.6,0.043,87.9,3HTW_A
NA,2.9e-09,426,NA,99.0,239,375,99.6,-0.03,87.8,3TN3_B
NA,2.9e-09,426,NA,99.0,239,375,99.6,-0.03,87.8,3TN3_B
NA,5.5e-09,426,NA,98.9,239,375,97.7,-0.02,87.7,4WVX_A
NA,5.5e-09,426,NA,98.9,239,375,97.7,-0.02,87.7,4WVX_A
NA,5.5e-09,426,NA,98.9,239,375,97.7,-0.02,87.7,4WVX_A
NA,5.2e-12,426,NA,99.3,239,383,118.3,0.223,87.5,2Z29_B
NA,1.4e-13,426,NA,99.5,239,381,128.8,0.196,87.5,5V0G_C
NA,1.3e-08,426,NA,98.9,239,375,95.4,-0.028,87.1,3OJG_A
NA,3.3e-09,426,NA,99.0,239,375,98.1,0.08,86.9,5W3W_B
NA,1.4e-06,426,NA,98.5,239,377,79.4,-0.002,86.8,1XWY_A
NA,1.4e-06,426,NA,98.5,239,377,79.4,-0.002,86.8,1XWY_A
NA,5.1e-16,426,NA,99.6,239,399,145.5,0.176,86.2,4LFY_B
NA,3.6e-08,426,NA,98.7,239,378,89.6,0.136,86.1,2Y1H_A
NA,7.7e-08,426,NA,98.7,239,375,90.3,0.024,85.8,4J35_A
NA,2.3e-08,426,NA,98.8,239,375,92.3,0.06,85.8,4LEF_B
NA,2.3e-08,426,NA,98.8,239,375,92.3,0.06,85.8,4LEF_B
NA,1.9e-07,426,NA,98.6,238,378,85.1,0.119,85.7,2Y1H_B
NA,3.4e-07,426,NA,98.6,239,375,84.9,0.066,85.7,5W3U_A
NA,7.9e-09,426,NA,98.9,239,375,96.4,0.03,85.6,4G2D_A
NA,1.3e-08,426,NA,98.9,239,375,94.3,0.082,85.6,5W3W_D
NA,4.6e-09,426,NA,98.9,239,375,97.1,0.094,85.5,5W3U_B
NA,2.2e-08,426,NA,98.8,239,375,92.5,0.055,85.4,1bf6_A
NA,2.2e-08,426,NA,98.8,239,375,92.5,0.055,85.4,1bf6_A
NA,3.5e-07,426,NA,98.5,239,376,85.0,0.062,85.3,3IPW_A
NA,1.9e-08,426,NA,98.9,239,375,93.3,0.069,85.0,5W3W_A
NA,4.5e-08,426,NA,98.8,239,375,90.5,0.063,84.8,5W3U_D
NA,4.7e-08,426,NA,98.8,239,375,90.1,0.07,84.4,5W3U_C
NA,4.3e-08,426,NA,98.8,239,375,91.6,0.042,84.3,4KET_A
NA,5.6e-09,426,NA,98.9,239,375,96.7,0.069,84.3,5W3Z_B
NA,4.3e-08,426,NA,98.8,239,375,91.6,0.042,84.3,4KET_A
NA,4.3e-08,426,NA,98.8,239,375,91.6,0.042,84.3,4KET_A
NA,2.3e-07,426,NA,98.6,239,375,86.0,0.066,84.2,5W3Z_A
NA,1.3e-07,426,NA,98.7,239,375,88.4,0.079,84.2,5VSA_D
NA,1.3e-07,426,NA,98.7,239,375,88.4,0.079,84.2,5VSA_D
NA,1.2e-07,426,NA,98.7,239,375,88.7,0.074,84.1,5VRI_A
NA,3e-14,426,NA,99.5,239,399,133.6,0.173,84.1,4LFY_A
NA,1.2e-07,426,NA,98.7,239,375,88.7,0.074,84.1,5VRI_A
NA,1.2e-07,426,NA,98.7,239,375,88.7,0.074,84.1,5VRI_A
NA,2.8e-07,426,NA,98.6,239,375,86.4,0.076,84.0,4keu_A
NA,1.1e-07,426,NA,98.7,239,375,89.0,0.053,83.9,5W3Z_D
NA,9.3e-09,426,NA,98.9,239,375,95.0,0.059,83.9,5W3Z_C
NA,7.7e-08,426,NA,98.7,239,375,89.8,0.067,83.9,5VSA_C
NA,4.1e-07,426,NA,98.6,239,377,82.6,0.029,83.7,1ZZM_A
NA,1.1e-06,426,NA,98.5,239,378,79.9,0.019,83.6,1J6O_A
NA,1.8e-07,426,NA,98.7,239,375,87.7,0.071,83.6,4kez_A
NA,3.5e-08,426,NA,98.8,239,375,92.2,0.065,83.6,4ker_A
NA,8.8e-08,426,NA,98.7,239,375,89.6,0.058,83.5,4kev_A
NA,7.9e-08,426,NA,98.7,239,375,89.9,0.043,83.3,2vc5_A
NA,7.9e-08,426,NA,98.7,239,375,89.9,0.043,83.3,2vc5_A
NA,7.9e-08,426,NA,98.7,239,375,89.9,0.043,83.3,2vc5_A
NA,1.4e-05,426,NA,98.3,239,378,73.3,0.006,83.3,1YIX_A
NA,1.4e-05,426,NA,98.3,239,378,73.3,0.006,83.3,1YIX_A
NA,3.2e-08,426,NA,98.8,239,375,92.0,0.001,83.2,5VSA_A
NA,2.1e-28,426,NA,100.0,316,426,236.7,0.187,83.2,4TQT_C
NA,8.5e-08,426,NA,98.7,239,375,89.7,0.078,82.9,4kes_A
NA,6.5e-29,426,NA,100.0,317,426,240.4,0.18,82.7,4TQT_D
NA,6.5e-29,426,NA,100.0,317,426,240.4,0.18,82.7,4TQT_D
NA,2.3e-06,426,NA,98.3,239,376,77.2,0.086,81.5,3GG7_A
NA,2.9e-06,426,NA,98.3,239,376,78.8,-0.007,81.3,2XIO_A
NA,1.6e-28,426,NA,100.0,316,426,237.7,0.202,80.7,5E5C_C
NA,9.1e-28,426,NA,99.9,316,426,232.4,0.199,80.3,5E5C_A
NA,2.9e-25,426,NA,99.9,321,426,219.8,0.221,79.9,5t61_G
NA,2.3e-27,426,NA,99.9,315,426,225.2,0.142,79.6,3GRI_B
NA,1.8e-27,426,NA,99.9,317,425,225.9,0.172,78.9,3GRI_A
NA,1.7,426,NA,93.7,242,377,43.5,0.155,78.5,1ITU_A
NA,1.7,426,NA,93.7,242,377,43.5,0.155,78.5,1ITU_A
NA,1.7,426,NA,93.7,242,377,43.5,0.155,78.5,1ITU_A
NA,1.3,426,NA,94.2,241,378,44.8,0.215,77.7,3id7_A
NA,1.3,426,NA,94.2,241,378,44.8,0.215,77.7,3id7_A
NA,7.4e-05,426,NA,98.0,239,375,68.0,0.026,77.7,2gzx_A
NA,1.2,426,NA,92.9,242,377,44.8,0.202,76.9,5LX7_A
NA,1.3,426,NA,94.3,241,377,44.8,0.226,76.6,3s2j_A
NA,1.3,426,NA,94.3,241,377,44.8,0.226,76.6,3s2j_A
NA,1.3,426,NA,94.3,241,377,44.8,0.226,76.6,3s2j_A
NA,1.3,426,NA,94.3,241,377,44.8,0.226,76.6,3s2j_A
NA,5.7,426,NA,92.5,242,377,40.5,0.197,76.6,5LX1_A
NA,3.3,426,NA,93.4,241,378,42.3,0.225,76.5,3ITC_A
NA,3.3,426,NA,93.4,241,378,42.3,0.225,76.5,3ITC_A
NA,2.8e-26,426,NA,99.9,319,425,213.9,0.195,76.4,2ICS_A
NA,0.0014,426,NA,97.7,239,378,60.9,0.032,75.3,2FFI_A
NA,3.1,426,NA,91.7,242,377,42.2,0.187,75.3,5lwz_B
NA,0.0014,426,NA,97.7,239,378,60.9,0.032,75.3,2FFI_A
NA,3.1,426,NA,91.7,242,377,42.2,0.187,75.3,5lwz_B
NA,8.0,426,NA,87.9,242,377,39.3,0.122,75.3,2RAG_A
NA,3.1,426,NA,91.7,242,377,42.2,0.187,75.3,5lwz_B
NA,3.1,426,NA,91.7,242,377,42.2,0.187,75.3,5lwz_B
NA,8.0,426,NA,87.9,242,377,39.3,0.122,75.3,2RAG_A
NA,3.1,426,NA,91.7,242,377,42.2,0.187,75.3,5lwz_B
NA,3.1,426,NA,91.7,242,377,42.2,0.187,75.3,5lwz_B
NA,3.1,426,NA,91.7,242,377,42.2,0.187,75.3,5lwz_B
NA,3.1,426,NA,91.7,242,377,42.2,0.187,75.3,5lwz_B
NA,3.1,426,NA,91.7,242,377,42.2,0.187,75.3,5lwz_B
NA,0.00065,426,NA,97.6,239,377,63.9,-0.067,74.7,4D8L_A
NA,4.7,426,NA,93.8,242,375,40.3,0.157,74.4,3FDG_A
NA,0.0098,426,NA,97.2,238,376,56.1,0.04,73.6,4DO7_A
NA,0.0098,426,NA,97.2,238,376,56.1,0.04,73.6,4DO7_A
NA,4.6e-05,426,NA,98.0,239,376,70.1,0.057,73.6,4I6K_A
NA,5.8,426,NA,93.5,242,375,40.0,0.137,73.5,3LY0_B
NA,9.2,426,NA,92.3,242,375,38.6,0.137,73.1,3LY0_A
NA,0.0075,426,NA,97.1,240,377,56.9,-0.101,73.0,4DIA_A
NA,0.41,426,NA,94.8,242,375,46.2,0.08,73.0,3lu2_A
NA,2.5,426,NA,93.7,242,375,41.4,0.061,72.9,3neh_A
NA,0.0051,426,NA,97.3,238,377,59.3,0.005,72.7,2HBV_A
NA,0.0013,426,NA,97.6,239,378,61.4,-0.085,72.7,3IRS_A
NA,0.0013,426,NA,97.6,239,378,61.4,-0.085,72.7,3IRS_A
NA,0.0013,426,NA,97.6,239,378,61.4,-0.085,72.7,3IRS_A
NA,0.0099,426,NA,97.2,239,377,56.1,0.032,71.9,4dlf_A
NA,0.0099,426,NA,97.2,239,377,56.1,0.032,71.9,4dlf_A
NA,0.0099,426,NA,97.2,239,377,56.1,0.032,71.9,4dlf_A
NA,3.7e-25,426,NA,99.9,319,426,205.9,0.278,71.8,1O12_A
NA,3.7e-25,426,NA,99.9,319,426,205.9,0.278,71.8,1O12_A
NA,0.0056,426,NA,97.4,238,377,57.2,0.046,71.1,4MUP_C
NA,0.018,426,NA,97.2,238,377,54.4,0.009,69.9,4MUP_A
NA,0.0014,426,NA,95.8,242,378,61.7,-0.055,69.2,4DI9_A
NA,0.0024,426,NA,97.6,240,376,59.1,0.076,69.1,3cjp_A
NA,0.00093,426,NA,97.5,241,378,63.0,-0.045,69.0,4DI8_A
NA,0.02,426,NA,97.1,238,378,55.5,-0.005,69.0,5VN5_C
NA,0.00093,426,NA,97.5,241,378,63.0,-0.045,69.0,4DI8_A
NA,0.015,426,NA,97.3,238,377,56.2,-0.052,68.8,5VN5_B
NA,0.015,426,NA,97.3,238,377,56.2,-0.052,68.8,5VN5_B
NA,4.9e-24,426,NA,99.9,319,426,203.2,0.194,68.5,3E74_B
NA,0.02,426,NA,96.9,238,377,54.1,0.022,67.9,4MUP_B
NA,0.00033,426,NA,97.7,239,376,63.0,0.058,67.3,3guw_A
NA,0.02,426,NA,97.2,239,375,54.7,-0.035,67.0,3ij6_A
NA,1.3,426,NA,94.3,277,375,40.3,-0.073,59.8,3WYZ_A
NA,2.4,426,NA,94.3,277,375,38.7,0.006,58.8,2CZV_A
NA,8.5e-06,426,NA,98.2,239,338,77.6,-0.111,57.5,3E2V_A
NA,3.1e-05,426,NA,98.0,240,338,74.0,-0.116,56.9,3E2V_B
NA,9.5,426,NA,92.8,277,374,35.0,0.01,56.7,1V77_A
NA,2e-09,426,NA,98.7,2,93,76.6,0.401,52.4,3GGM_A
NA,2e-09,426,NA,98.7,2,93,76.6,0.401,52.4,3GGM_A
NA,2.5e-09,426,NA,98.7,3,93,75.9,0.413,51.8,3ggm_B
NA,0.3,426,NA,96.3,289,377,45.4,0.128,51.1,3QY8_A
NA,0.33,426,NA,96.4,289,377,45.2,0.128,50.9,2WJE_A
NA,0.33,426,NA,96.4,289,377,45.2,0.128,50.9,2WJE_A
NA,0.33,426,NA,96.4,289,377,45.2,0.128,50.9,2WJE_A
NA,2.7e-16,426,NA,99.7,352,426,147.4,0.137,50.3,4C6B_A
NA,0.63,426,NA,96.1,290,377,43.6,0.029,47.5,3QY7_A
NA,0.63,426,NA,96.1,290,377,43.6,0.029,47.5,3QY7_A
NA,0.012,426,NA,97.4,318,378,56.6,-0.1,39.1,2GWG_A
NA,0.14,426,NA,96.9,318,378,49.6,-0.091,37.8,2GWG_B
NA,0.013,426,NA,97.2,318,377,56.8,-0.032,37.8,2HBX_A
NA,0.013,426,NA,97.2,318,377,56.8,-0.032,37.8,2HBX_A
NA,0.0058,426,NA,97.3,318,377,59.0,-0.022,37.6,4IG2_B
NA,0.0058,426,NA,97.3,318,377,59.0,-0.022,37.6,4IG2_B
NA,0.0058,426,NA,97.3,318,377,59.0,-0.022,37.6,4IG2_B
NA,0.026,426,NA,97.1,318,378,54.8,0.024,37.4,4ofc_A
NA,0.013,426,NA,97.0,318,377,56.7,-0.022,37.2,4era_A
NA,0.013,426,NA,97.0,318,377,56.7,-0.022,37.2,4era_A
NA,0.025,426,NA,97.2,319,378,56.0,0.059,37.0,4HK7_B
NA,0.011,426,NA,97.1,318,377,57.1,-0.022,36.9,2HBV_B
NA,0.017,426,NA,97.1,318,377,55.9,-0.022,36.6,4ERI_B
NA,0.036,426,NA,96.9,318,377,53.8,-0.022,36.3,4ERI_A
NA,0.023,426,NA,97.0,319,377,55.1,-0.019,36.2,4EPK_B
NA,0.022,426,NA,97.1,318,377,55.1,-0.032,36.2,4IFR_A
NA,0.022,426,NA,97.1,318,377,55.1,-0.032,36.2,4IFR_A
NA,0.071,426,NA,96.8,319,377,51.9,-0.019,36.1,4EPK_A
NA,0.041,426,NA,97.2,318,377,53.4,0.021,36.0,4IGN_A
NA,0.041,426,NA,97.2,318,377,53.4,0.021,36.0,4IGN_A
NA,0.023,426,NA,97.1,319,377,55.1,-0.019,35.6,4IG2_A
NA,0.021,426,NA,97.1,319,377,55.3,0.022,35.6,2wm1_A
NA,0.021,426,NA,97.1,319,377,55.3,0.022,35.6,2wm1_A
NA,0.023,426,NA,97.1,319,377,55.1,-0.019,35.6,4IG2_A
NA,0.021,426,NA,97.1,319,377,55.3,0.022,35.6,2wm1_A
NA,0.0051,426,NA,97.4,318,377,59.1,0.067,35.2,2DVT_A
NA,0.0051,426,NA,97.4,318,377,59.1,0.067,35.2,2DVT_A
NA,0.0051,426,NA,97.4,318,377,59.1,0.067,35.2,2DVT_A
NA,0.1,426,NA,96.9,318,376,51.0,0.057,35.0,4icm_A
NA,0.0017,426,NA,97.6,318,376,62.2,0.036,35.0,2DVT_B
NA,0.0017,426,NA,97.6,318,376,62.2,0.036,35.0,2DVT_B
NA,0.1,426,NA,96.9,318,376,51.0,0.057,35.0,4icm_A
NA,0.0017,426,NA,97.6,318,376,62.2,0.036,35.0,2DVT_B
NA,0.1,426,NA,96.9,318,376,51.0,0.057,35.0,4icm_A
NA,0.1,426,NA,96.9,318,376,51.0,0.057,35.0,4icm_A
NA,0.0022,426,NA,97.4,318,376,62.3,-0.079,34.8,4QS5_C
NA,0.0022,426,NA,97.4,318,376,62.3,-0.063,34.8,4QRN_A
NA,0.0022,426,NA,97.4,318,376,62.3,-0.079,34.8,4QS5_C
NA,0.0023,426,NA,97.4,318,376,62.2,-0.063,34.7,4QRN_D
NA,0.0036,426,NA,97.3,319,376,60.8,-0.076,34.6,4QS6_A
NA,0.0036,426,NA,97.3,319,376,60.8,-0.076,34.6,4QS6_A
NA,0.0026,426,NA,97.4,318,376,61.8,-0.065,34.6,4QTG_B
NA,0.0036,426,NA,97.3,319,376,60.8,-0.076,34.6,4QS6_A
NA,0.0026,426,NA,97.4,318,376,61.8,-0.065,34.6,4QTG_B
NA,0.01,426,NA,97.3,319,377,57.2,0.047,34.4,4QRO_C
NA,0.0031,426,NA,97.3,319,376,61.2,-0.061,34.3,4QRN_B
NA,0.0031,426,NA,97.3,319,376,61.2,-0.061,34.3,4QRN_B
NA,0.0031,426,NA,97.3,319,376,61.2,-0.061,34.3,4QRN_B
NA,0.0031,426,NA,97.3,319,376,61.2,-0.061,34.3,4QRN_B
NA,0.0047,426,NA,97.4,318,376,59.2,0.046,34.0,2dvt_D
NA,0.0047,426,NA,97.4,318,376,59.2,0.046,34.0,2dvt_D
NA,0.0047,426,NA,97.4,318,376,59.2,0.046,34.0,2dvt_D
NA,0.0067,426,NA,97.4,327,378,59.5,0.045,33.8,4LAM_A
NA,0.0089,426,NA,97.4,327,378,58.9,0.008,33.7,4HK7_C
NA,0.0018,426,NA,97.4,319,376,62.9,-0.061,33.6,4INF_A
NA,0.025,426,NA,97.2,327,378,56.0,0.011,33.4,4HK6_C
NA,0.0081,426,NA,97.4,327,378,58.0,0.021,33.3,4QRO_A
NA,0.046,426,NA,97.1,327,378,54.3,-0.007,33.3,4HJW_C
NA,0.037,426,NA,97.0,327,378,54.9,-0.001,33.2,4HK7_A
NA,0.0051,426,NA,97.4,319,376,58.4,-0.007,33.2,3NUR_A
NA,0.037,426,NA,97.0,327,378,54.9,-0.001,33.2,4HK7_A
NA,0.023,426,NA,97.2,327,378,56.3,0.015,33.1,4HK5_D
NA,0.021,426,NA,97.2,327,378,56.2,-0.001,33.0,4HK5_B
NA,0.048,426,NA,96.9,327,378,52.7,0.01,33.0,3S4T_A
NA,0.0017,426,NA,97.5,327,377,62.2,-0.005,32.7,4QRO_G
NA,0.0066,426,NA,97.4,327,377,58.4,0.021,32.6,2DVU_C
NA,0.0008,426,NA,97.7,327,377,64.3,0.021,32.5,2DVT_C
NA,0.0008,426,NA,97.7,327,377,64.3,0.021,32.5,2DVT_C
NA,0.03,426,NA,97.2,327,377,55.3,-0.016,32.4,4LAL_B
NA,0.014,426,NA,97.3,327,376,57.5,0.013,32.2,4LAM_B
NA,0.0065,426,NA,97.4,327,377,59.5,0.01,32.1,4LAK_B
NA,0.0082,426,NA,97.4,327,377,57.8,-0.006,32.1,4QRO_E
NA,0.0092,426,NA,97.3,327,376,58.6,-0.04,32.0,4LAL_D
NA,0.015,426,NA,97.2,327,377,57.3,0.02,31.9,4lan_A
NA,0.015,426,NA,97.2,327,377,57.3,0.02,31.9,4lan_A
NA,0.13,426,NA,96.9,327,378,49.9,0.021,31.8,3S4T_G
NA,0.034,426,NA,96.9,327,377,53.6,-0.017,31.5,3s4t_C
NA,0.007,426,NA,97.4,327,376,57.5,-0.03,31.1,2F6K_A
NA,0.007,426,NA,97.4,327,376,57.5,-0.03,31.1,2F6K_A
NA,0.052,426,NA,97.1,327,375,52.0,-0.022,31.0,3IJ6_C
NA,0.052,426,NA,97.1,327,375,52.0,-0.022,31.0,3IJ6_C
NA,0.053,426,NA,97.1,327,376,52.5,-0.013,30.4,4QRO_B
NA,0.053,426,NA,97.1,327,376,52.5,-0.013,30.4,4QRO_B
NA,0.052,426,NA,97.1,327,376,52.5,-0.013,30.3,4QRO_D
NA,0.11,426,NA,96.6,327,376,50.1,0.011,30.0,3S4T_E
NA,0.013,426,NA,97.3,238,264,57.8,0.062,22.7,4HK5_C
NA,0.014,426,NA,97.2,238,264,56.5,0.062,22.5,4LAK_A
NA,0.0092,426,NA,97.3,238,264,58.7,-0.022,22.5,4LAN_B
NA,0.0092,426,NA,97.3,238,264,58.7,-0.022,22.5,4LAN_B
NA,0.021,426,NA,97.2,239,264,56.3,0.038,22.2,4LAL_C
NA,0.0047,426,NA,97.4,239,264,60.6,0.038,22.1,4HK6_A
NA,0.0095,426,NA,97.3,239,264,58.6,0.038,22.1,4HK6_B
NA,0.034,426,NA,97.2,239,264,55.1,0.02,22.1,4HJW_A
NA,0.034,426,NA,97.2,239,264,55.1,0.02,22.1,4HJW_A
NA,0.0047,426,NA,97.4,239,264,60.6,0.038,22.1,4HK6_A
NA,0.12,426,NA,96.9,239,264,50.0,-0.033,22.0,3s4t_B
NA,0.018,426,NA,97.2,239,264,56.7,0.038,21.9,4LAL_A
NA,0.013,426,NA,97.3,239,264,57.5,0.038,21.9,4HK5_A
NA,6.2,426,NA,73.8,81,86,14.4,1.37,3.4,4K45_B
